<?xml version="1.1" encoding="UTF-8"?>
<expression:EMFExpression xmi:version="2.0" xmlns:xmi="http://www.omg.org/XMI" xmlns:expression="http:///expression.ecore" id="tMap_1=>" expression="TalendDate.getCurrentDate()">
  <variables name="row3.UNIQUE_ID" value="null" talendType="id_Integer" nullable="true"/>
  <variables name="row3.COLLISION_ID" value="null" talendType="id_Integer" nullable="true"/>
  <variables name="row3.CRASH_DATE" value="null" talendType="id_String" nullable="true"/>
  <variables name="row3.CRASH_TIME" value="null" talendType="id_String" nullable="true"/>
  <variables name="row3.PERSON_ID" value="null" talendType="id_String" nullable="true"/>
  <variables name="row3.PERSON_TYPE" value="null" talendType="id_String" nullable="true"/>
  <variables name="row3.PERSON_INJURY" value="null" talendType="id_String" nullable="true"/>
  <variables name="row3.VEHICLE_ID" value="null" talendType="id_String" nullable="true"/>
  <variables name="row3.PERSON_AGE" value="null" talendType="id_String" nullable="true"/>
  <variables name="row3.EJECTION" value="null" talendType="id_String" nullable="true"/>
  <variables name="row3.EMOTIONAL_STATUS" value="null" talendType="id_String" nullable="true"/>
  <variables name="row3.BODILY_INJURY" value="null" talendType="id_String" nullable="true"/>
  <variables name="row3.POSITION_IN_VEHICLE" value="null" talendType="id_String" nullable="true"/>
  <variables name="row3.SAFETY_EQUIPMENT" value="null" talendType="id_String" nullable="true"/>
  <variables name="row3.PED_LOCATION" value="null" talendType="id_String" nullable="true"/>
  <variables name="row3.PED_ACTION" value="null" talendType="id_String" nullable="true"/>
  <variables name="row3.COMPLAINT" value="null" talendType="id_String" nullable="true"/>
  <variables name="row3.PED_ROLE" value="null" talendType="id_String" nullable="true"/>
  <variables name="row3.CONTRIBUTING_FACTOR_1" value="null" talendType="id_String" nullable="true"/>
  <variables name="row3.CONTRIBUTING_FACTOR_2" value="null" talendType="id_String" nullable="true"/>
  <variables name="row3.PERSON_SEX" value="null" talendType="id_String" nullable="true"/>
</expression:EMFExpression>
