<?xml version="1.1" encoding="UTF-8"?>
<expression:EMFExpression xmi:version="2.0" xmlns:xmi="http://www.omg.org/XMI" xmlns:expression="http:///expression.ecore" id="tMap_1=>" expression="TalendDate.getCurrentDate()">
  <variables name="row1.COLLISION_ID" value="0" talendType="id_Long"/>
  <variables name="row1.collision_dt" value="null" talendType="id_Date" nullable="true"/>
  <variables name="row1.collision_day" value="null" talendType="id_Date" nullable="true"/>
  <variables name="row1.collision_time" value="null" talendType="id_Date" nullable="true"/>
  <variables name="row1.collision_hour" value="null" talendType="id_Integer" nullable="true"/>
  <variables name="row1.collision_dayoftheweek" value="null" talendType="id_Integer" nullable="true"/>
  <variables name="row1.borough" value="null" talendType="id_String" nullable="true"/>
  <variables name="row1.zip_code" value="null" talendType="id_String" nullable="true"/>
  <variables name="row1.off_street_name" value="null" talendType="id_String" nullable="true"/>
  <variables name="row1.on_street_name" value="null" talendType="id_String" nullable="true"/>
  <variables name="row1.cross_street_name" value="null" talendType="id_String" nullable="true"/>
  <variables name="row1.latitude" value="null" talendType="id_BigDecimal" nullable="true"/>
  <variables name="row1.longitude" value="null" talendType="id_BigDecimal" nullable="true"/>
  <variables name="row1.location" value="null" talendType="id_String" nullable="true"/>
  <variables name="row1.contributing_factor_vehicle_1" value="null" talendType="id_String" nullable="true"/>
  <variables name="row1.contributing_factor_vehicle_2" value="null" talendType="id_String" nullable="true"/>
  <variables name="row1.contributing_factor_vehicle_3" value="null" talendType="id_String" nullable="true"/>
  <variables name="row1.contributing_factor_vehicle_4" value="null" talendType="id_String" nullable="true"/>
  <variables name="row1.contributing_factor_vehicle_5" value="null" talendType="id_String" nullable="true"/>
  <variables name="row1.number_of_cyclist_injured" value="null" talendType="id_Integer" nullable="true"/>
  <variables name="row1.number_of_cyclist_killed" value="null" talendType="id_Integer" nullable="true"/>
  <variables name="row1.number_of_motorist_injured" value="null" talendType="id_Integer" nullable="true"/>
  <variables name="row1.number_of_motorist_killed" value="null" talendType="id_Integer" nullable="true"/>
  <variables name="row1.number_of_pedestrians_injured" value="null" talendType="id_Integer" nullable="true"/>
  <variables name="row1.number_of_pedestrians_killed" value="null" talendType="id_Integer" nullable="true"/>
  <variables name="row1.number_of_persons_injured" value="null" talendType="id_Integer" nullable="true"/>
  <variables name="row1.number_of_persons_killed" value="null" talendType="id_Integer" nullable="true"/>
  <variables name="row1.vehicle_type_code1" value="null" talendType="id_String" nullable="true"/>
  <variables name="row1.vehicle_type_code2" value="null" talendType="id_String" nullable="true"/>
  <variables name="row1.vehicle_type_code_3" value="null" talendType="id_String" nullable="true"/>
  <variables name="row1.vehicle_type_code_4" value="null" talendType="id_String" nullable="true"/>
  <variables name="row1.vehicle_type_code_5" value="null" talendType="id_String" nullable="true"/>
  <variables name="row1.DI_JobID" value="null" talendType="id_String" nullable="true"/>
  <variables name="row1.DI_CreateDate" value="null" talendType="id_Date" nullable="true"/>
  <variables name="row1.CRASH_DATE" value="null" talendType="id_Date" nullable="true"/>
  <variables name="row1.CRASH_TIME" value="null" talendType="id_Date" nullable="true"/>
  <variables name="row1.BOROUGH" value="null" talendType="id_String" nullable="true"/>
  <variables name="row1.ZIP_CODE" value="null" talendType="id_String" nullable="true"/>
</expression:EMFExpression>
