<?xml version="1.1" encoding="UTF-8"?>
<expression:EMFExpression xmi:version="2.0" xmlns:xmi="http://www.omg.org/XMI" xmlns:expression="http:///expression.ecore" id="tMap_1=>" expression="TalendDate.getCurrentDate()">
  <variables name="row3.UNIQUE_ID" value="null" talendType="id_Integer" nullable="true"/>
  <variables name="row3.COLLISION_ID" value="null" talendType="id_Integer" nullable="true"/>
  <variables name="row3.CRASH_DATE" value="null" talendType="id_String" nullable="true"/>
  <variables name="row3.CRASH_TIME" value="null" talendType="id_String" nullable="true"/>
  <variables name="row3.VEHICLE_ID" value="null" talendType="id_String" nullable="true"/>
  <variables name="row3.STATE_REGISTRATION" value="null" talendType="id_String" nullable="true"/>
  <variables name="row3.VEHICLE_TYPE" value="null" talendType="id_String" nullable="true"/>
  <variables name="row3.VEHICLE_MAKE" value="null" talendType="id_String" nullable="true"/>
  <variables name="row3.VEHICLE_MODEL" value="null" talendType="id_String" nullable="true"/>
  <variables name="row3.VEHICLE_YEAR" value="null" talendType="id_String" nullable="true"/>
  <variables name="row3.TRAVEL_DIRECTION" value="null" talendType="id_String" nullable="true"/>
  <variables name="row3.VEHICLE_OCCUPANTS" value="null" talendType="id_String" nullable="true"/>
  <variables name="row3.DRIVER_SEX" value="null" talendType="id_String" nullable="true"/>
  <variables name="row3.DRIVER_LICENSE_STATUS" value="null" talendType="id_String" nullable="true"/>
  <variables name="row3.DRIVER_LICENSE_JURISDICTION" value="null" talendType="id_String" nullable="true"/>
  <variables name="row3.PRE_CRASH" value="null" talendType="id_String" nullable="true"/>
  <variables name="row3.POINT_OF_IMPACT" value="null" talendType="id_String" nullable="true"/>
  <variables name="row3.VEHICLE_DAMAGE" value="null" talendType="id_String" nullable="true"/>
  <variables name="row3.VEHICLE_DAMAGE_1" value="null" talendType="id_String" nullable="true"/>
  <variables name="row3.VEHICLE_DAMAGE_2" value="null" talendType="id_String" nullable="true"/>
  <variables name="row3.VEHICLE_DAMAGE_3" value="null" talendType="id_String" nullable="true"/>
  <variables name="row3.PUBLIC_PROPERTY_DAMAGE" value="null" talendType="id_String" nullable="true"/>
  <variables name="row3.PUBLIC_PROPERTY_DAMAGE_TYPE" value="null" talendType="id_String" nullable="true"/>
  <variables name="row3.CONTRIBUTING_FACTOR_1" value="null" talendType="id_String" nullable="true"/>
  <variables name="row3.CONTRIBUTING_FACTOR_2" value="null" talendType="id_String" nullable="true"/>
</expression:EMFExpression>
