<?xml version="1.1" encoding="UTF-8"?>
<expression:EMFExpression xmi:version="2.0" xmlns:xmi="http://www.omg.org/XMI" xmlns:expression="http:///expression.ecore" id="tMap_1=>" expression="TalendDate.getCurrentDate()">
  <variables name="row1.UNIQUE_ID" value="null" talendType="id_Integer" nullable="true"/>
  <variables name="row1.COLLISION_ID" value="null" talendType="id_Integer" nullable="true"/>
  <variables name="row1.CRASH_DATE" value="null" talendType="id_String" nullable="true"/>
  <variables name="row1.CRASH_TIME" value="null" talendType="id_String" nullable="true"/>
  <variables name="row1.PERSON_ID" value="null" talendType="id_String" nullable="true"/>
  <variables name="row1.PERSON_TYPE" value="null" talendType="id_String" nullable="true"/>
  <variables name="row1.PERSON_INJURY" value="null" talendType="id_String" nullable="true"/>
  <variables name="row1.VEHICLE_ID" value="null" talendType="id_String" nullable="true"/>
  <variables name="row1.PERSON_AGE" value="null" talendType="id_String" nullable="true"/>
  <variables name="row1.EJECTION" value="null" talendType="id_String" nullable="true"/>
  <variables name="row1.EMOTIONAL_STATUS" value="null" talendType="id_String" nullable="true"/>
  <variables name="row1.BODILY_INJURY" value="null" talendType="id_String" nullable="true"/>
  <variables name="row1.POSITION_IN_VEHICLE" value="null" talendType="id_String" nullable="true"/>
  <variables name="row1.SAFETY_EQUIPMENT" value="null" talendType="id_String" nullable="true"/>
  <variables name="row1.PED_LOCATION" value="null" talendType="id_String" nullable="true"/>
  <variables name="row1.PED_ACTION" value="null" talendType="id_String" nullable="true"/>
  <variables name="row1.COMPLAINT" value="null" talendType="id_String" nullable="true"/>
  <variables name="row1.PED_ROLE" value="null" talendType="id_String" nullable="true"/>
  <variables name="row1.CONTRIBUTING_FACTOR_1" value="null" talendType="id_String" nullable="true"/>
  <variables name="row1.CONTRIBUTING_FACTOR_2" value="null" talendType="id_String" nullable="true"/>
  <variables name="row1.PERSON_SEX" value="null" talendType="id_String" nullable="true"/>
  <variables name="row1.DI_PID" value="null" talendType="id_String" nullable="true"/>
  <variables name="row1.DI_Create_Date" value="null" talendType="id_Date" nullable="true"/>
  <variables name="row2.PERSON_TYPE_SK" value="0" talendType="id_Integer"/>
  <variables name="row2.PERSON_TYPE" value="null" talendType="id_String" nullable="true"/>
  <variables name="row2.DI_PID" value="null" talendType="id_String" nullable="true"/>
  <variables name="row2.DI_Create_Date" value="null" talendType="id_Date" nullable="true"/>
  <variables name="row3.PERSON_INJURY_SK" value="0" talendType="id_Integer"/>
  <variables name="row3.PERSON_INJURY" value="null" talendType="id_String" nullable="true"/>
  <variables name="row3.DI_PID" value="null" talendType="id_String" nullable="true"/>
  <variables name="row3.DI_Create_Date" value="null" talendType="id_Date" nullable="true"/>
  <variables name="row4.EJECTION_SK" value="0" talendType="id_Integer"/>
  <variables name="row4.EJECTION" value="null" talendType="id_String" nullable="true"/>
  <variables name="row4.DI_PID" value="null" talendType="id_String" nullable="true"/>
  <variables name="row4.DI_Create_Date" value="null" talendType="id_Date" nullable="true"/>
  <variables name="row5.EMOTIONAL_STATUS_SK" value="0" talendType="id_Integer"/>
  <variables name="row5.EMOTIONAL_STATUS" value="null" talendType="id_String" nullable="true"/>
  <variables name="row5.DI_PID" value="null" talendType="id_String" nullable="true"/>
  <variables name="row5.DI_Create_Date" value="null" talendType="id_Date" nullable="true"/>
  <variables name="row6.BODILY_INJURY_SK" value="0" talendType="id_Integer"/>
  <variables name="row6.BODILY_INJURY" value="null" talendType="id_String" nullable="true"/>
  <variables name="row6.DI_PID" value="null" talendType="id_String" nullable="true"/>
  <variables name="row6.DI_Create_Date" value="null" talendType="id_Date" nullable="true"/>
</expression:EMFExpression>
