"UNIQUE_ID";"COLLISION_ID";"CRASH_DATE";"CRASH_TIME";"PERSON_ID";"PERSON_TYPE";"PERSON_INJURY";"VEHICLE_ID";"PERSON_AGE";"EJECTION";"EMOTIONAL_STATUS";"BODILY_INJURY";"POSITION_IN_VEHICLE";"SAFETY_EQUIPMENT";"PED_LOCATION";"PED_ACTION";"COMPLAINT";"PED_ROLE";"CONTRIBUTING_FACTOR_1";"CONTRIBUTING_FACTOR_2";"PERSON_SEX"
"10249006";"4229554";"10/26/2019";"9:43";"31aa2bc0-f545-444f-8cdb-f1cb5cf00b89";"Occupant";"Unspecified";"19141108";"";"";"";"";"";"";"";"";"";"Registrant";"";"";"U"
"10255054";"4230587";"10/25/2019";"15:15";"4629e500-a73e-48dc-b8fb-53124d124b80";"Occupant";"Unspecified";"19144075";"33";"Not Ejected";"Does Not Apply";"Does Not Apply";"Front passenger, if two or more persons, including the driver, are in the front seat";"Lap Belt & Harness";"";"";"Does Not Apply";"Passenger";"";"";"F"
"10253177";"4230550";"10/26/2019";"17:55";"ae48c136-1383-45db-83f4-2a5eecfb7cff";"Occupant";"Unspecified";"19143133";"55";"";"";"";"";"";"";"";"";"Registrant";"";"";"M"
"6650180";"3565527";"11/21/2016";"13:05";"2782525";"Occupant";"Unspecified";"";"";"";"";"";"";"";"";"";"";"Notified Person";"";"";""
"10255516";"4231168";"10/25/2019";"11:16";"e038e18f-40fb-4471-99cf-345eae36e064";"Occupant";"Unspecified";"19144329";"7";"Not Ejected";"Does Not Apply";"Does Not Apply";"Right rear passenger or motorcycle sidecar passenger";"Lap Belt";"";"";"Does Not Apply";"Passenger";"";"";"F"
"10253606";"4230743";"10/24/2019";"19:15";"84bcb3a7-d201-4c61-9e30-fe29268c1074";"Occupant";"Injured";"19143343";"27";"Not Ejected";"Conscious";"Back";"Driver";"Lap Belt & Harness";"";"";"Complaint of Pain or Nausea";"Driver";"";"";"M"
"10251336";"4230047";"10/26/2019";"16:45";"21064a07-a945-49d0-af97-5446801b20ce";"Occupant";"Unspecified";"19142198";"41";"";"";"";"";"";"";"";"";"Registrant";"";"";"F"
"10248708";"4229547";"10/26/2019";"1:15";"a8904763-2870-42f3-865c-b53d8e5156e2";"Pedestrian";"Injured";"";"24";"";"Conscious";"Shoulder - Upper Arm";"";"";"Pedestrian/Bicyclist/Other Pedestrian at Intersection";"Crossing With Signal";"None Visible";"Pedestrian";"Unspecified";"Unspecified";"F"
"10250179";"4229808";"10/26/2019";"13:04";"c3fc715e-203f-462d-9e8b-6a41fc378703";"Occupant";"Unspecified";"19141630";"36";"Not Ejected";"Does Not Apply";"Does Not Apply";"Driver";"Lap Belt & Harness";"";"";"Does Not Apply";"Driver";"";"";"M"
"10253792";"4230915";"10/24/2019";"8:20";"793ac6c6-cbc7-4ab3-ab95-09f9312f1123";"Occupant";"Unspecified";"19143438";"";"";"";"";"";"";"";"";"";"Registrant";"";"";"U"
"10253588";"4230737";"10/24/2019";"0:41";"48a63e6b-b696-4a33-935c-05b4c6b70867";"Occupant";"Unspecified";"19143334";"30";"Not Ejected";"Does Not Apply";"Does Not Apply";"Driver";"Lap Belt & Harness";"";"";"Does Not Apply";"Driver";"";"";"M"
"10255322";"4230840";"10/26/2019";"23:50";"a8569ace-559f-4551-8ec9-92c4c57fa7c4";"Occupant";"Unspecified";"19144233";"52";"Not Ejected";"Does Not Apply";"Does Not Apply";"Front passenger, if two or more persons, including the driver, are in the front seat";"Lap Belt & Harness";"";"";"Does Not Apply";"Passenger";"";"";"F"
"10254506";"4230701";"10/24/2019";"4:40";"ee346dc7-1239-4abb-80c4-f971db657891";"Occupant";"Unspecified";"19143798";"";"";"";"";"";"";"";"";"";"Registrant";"";"";"U"
"10252623";"4230916";"10/24/2019";"1:44";"c9aed1ae-85a6-4a7e-b8d0-107efaa7d40c";"Occupant";"Unspecified";"19142851";"";"";"";"";"";"";"";"";"";"Registrant";"";"";"U"
"10252669";"4231183";"10/02/2019";"21:30";"f5780e46-b7e5-4c64-a955-609f721df64a";"Occupant";"Unspecified";"19142868";"0";"";"";"";"";"";"";"";"";"Registrant";"";"";"U"
"10252969";"4230912";"10/22/2019";"19:35";"fdc49a53-64de-4d5b-b0b5-e6c278014277";"Occupant";"Unspecified";"19143020";"";"";"";"";"";"";"";"";"";"Registrant";"";"";"M"
"10255026";"4230665";"10/25/2019";"10:00";"152656fa-27f7-4dc8-ac63-67506731ac49";"Occupant";"Unspecified";"19144061";"34";"";"";"";"";"";"";"";"";"Registrant";"";"";"M"
"10254996";"4230576";"10/25/2019";"8:30";"6e7bc331-346f-431d-9c57-3817dc89a319";"Occupant";"Unspecified";"19144048";"38";"";"";"";"";"";"";"";"";"Registrant";"";"";"M"
"10254556";"4230715";"10/26/2019";"8:50";"1a085543-ae9d-4a69-8cd0-fb7b33380a8b";"Bicyclist";"Injured";"19143832";"42";"Not Ejected";"Unknown";"Knee-Lower Leg Foot";"Driver";"Unknown";"";"";"None Visible";"Driver";"";"";"M"
"10254007";"4230612";"10/24/2019";"16:12";"65471417-3206-4e28-a4ec-279c46286a8f";"Occupant";"Unspecified";"19143548";"55";"Not Ejected";"Does Not Apply";"Does Not Apply";"Driver";"Lap Belt & Harness";"";"";"Does Not Apply";"Driver";"";"";"M"
"10254490";"4230679";"10/23/2019";"14:25";"0c7c1bd0-d9bd-43e5-b2c6-064c90bcfd03";"Occupant";"Unspecified";"19143791";"";"";"";"";"";"";"";"";"";"Registrant";"";"";"M"
"10248817";"4229587";"10/26/2019";"12:00";"87eac014-62f7-4fe7-83f6-95d261f13e72";"Occupant";"Unspecified";"19141000";"36";"";"";"";"";"";"";"";"";"Registrant";"";"";"M"
"10255169";"4230635";"10/26/2019";"16:30";"72df0ffc-1065-40d9-b535-34a54171cb13";"Occupant";"Unspecified";"19144141";"";"";"";"";"";"";"";"";"";"Registrant";"";"";"U"
"10249284";"4230144";"10/26/2019";"22:26";"bc7f1620-ba4b-4d66-bf98-6565235f294e";"Occupant";"Unspecified";"19141240";"43";"";"";"";"";"";"";"";"";"Registrant";"";"";"F"
"10253825";"4230931";"10/25/2019";"7:25";"96cc826f-3b86-48e2-a925-2a032e03f4b3";"Occupant";"Unspecified";"19143454";"30";"Not Ejected";"Does Not Apply";"Does Not Apply";"Left rear passenger, or rear passenger on a bicycle, motorcycle, snowmobile";"None";"";"";"Does Not Apply";"Passenger";"";"";"F"
"10248286";"4229627";"10/26/2019";"17:00";"15e49e51-928b-463d-9f77-e364502a01c3";"Occupant";"Unspecified";"19140754";"57";"";"";"";"";"";"";"";"";"Registrant";"";"";"M"
"10252430";"4229753";"10/26/2019";"5:15";"0de5c71f-d0d1-4644-a0c8-828b87e19144";"Occupant";"Unspecified";"19142753";"";"";"";"";"";"";"";"";"";"Registrant";"";"";"U"
"10254806";"4230765";"10/26/2019";"9:55";"79b4d0c4-9493-4ff5-a9e0-9fb1b71ce306";"Occupant";"Unspecified";"19143969";"59";"Not Ejected";"Does Not Apply";"Does Not Apply";"Driver";"Lap Belt & Harness";"";"";"Does Not Apply";"Driver";"";"";"M"
"10253863";"4230926";"10/26/2019";"23:29";"2d6d3318-7123-4a76-86ea-3ba68e076e0a";"Occupant";"Unspecified";"19143471";"37";"Not Ejected";"Does Not Apply";"Does Not Apply";"Driver";"Lap Belt & Harness";"";"";"Does Not Apply";"Driver";"";"";"M"
"10248512";"4229674";"10/26/2019";"20:00";"fb179b3e-fc43-46f9-a5b0-b77327d8f85a";"Occupant";"Unspecified";"";"";"";"";"";"";"";"";"";"";"Witness";"";"";""
"10255170";"4230635";"10/26/2019";"16:30";"95c1fcb0-c97a-4f33-a037-6d456b3a738d";"Occupant";"Unspecified";"19144140";"52";"";"";"";"";"";"";"";"";"Registrant";"";"";"M"
"10250834";"4230376";"10/26/2019";"19:40";"f58fc41f-497e-4f30-bf49-a9a80adec8b2";"Bicyclist";"Injured";"19141949";"36";"Not Ejected";"Conscious";"Back";"Driver";"None";"";"";"Internal";"Driver";"";"";"M"
"10253630";"4230790";"10/25/2019";"11:45";"f3011ff9-1344-4619-bfa5-b9d6fa99e1e4";"Occupant";"Unspecified";"19143359";"44";"";"";"";"";"";"";"";"";"Registrant";"";"";"F"
"10248383";"4229662";"10/26/2019";"13:00";"d9fcf4b8-3656-4892-a73c-5019be14b8bc";"Occupant";"Unspecified";"19140800";"28";"";"";"";"";"";"";"";"";"Registrant";"";"";"F"
"10250954";"4230430";"10/26/2019";"18:20";"d0293537-673c-43c5-a27b-1ca06db7df19";"Occupant";"Unspecified";"19142011";"";"";"";"";"";"";"";"";"";"Registrant";"";"";""
"10252810";"4231118";"10/23/2019";"12:52";"a2f35efd-c95e-4718-8c91-ca002a1109a0";"Occupant";"Unspecified";"19142938";"";"";"";"";"";"";"";"";"";"Registrant";"";"";"U"
"10253139";"4230549";"10/25/2019";"16:46";"eb731590-c39b-4690-8431-62b4b40409af";"Occupant";"Unspecified";"19143113";"49";"";"";"";"";"";"";"";"";"Registrant";"";"";"M"
"10254943";"4230866";"10/24/2019";"8:20";"468125e8-2388-4c0a-a113-b59e90e75a6b";"Occupant";"Unspecified";"19144028";"13";"Not Ejected";"Does Not Apply";"Does Not Apply";"Middle front seat, or passenger lying across a seat";"Other";"";"";"Does Not Apply";"Passenger";"";"";"F"
"10248954";"4229616";"10/26/2019";"15:40";"14e00829-c71b-4ea3-8f30-e072bb1040a3";"Occupant";"Unspecified";"19141083";"";"";"";"";"";"";"";"";"";"Registrant";"";"";"U"
"10253511";"4230733";"10/10/2019";"19:45";"0f201055-f086-4e45-8453-f88c2b9aa36e";"Occupant";"Unspecified";"19143290";"67";"Not Ejected";"Does Not Apply";"Does Not Apply";"Driver";"Lap Belt & Harness";"";"";"Does Not Apply";"Driver";"";"";"M"
"10252438";"4229771";"10/26/2019";"7:00";"6b40c91f-7871-433d-8a2b-bdc553dadcbb";"Occupant";"Unspecified";"19142757";"";"";"";"";"";"";"";"";"";"Registrant";"";"";"F"
"10250831";"4230358";"10/26/2019";"18:10";"13340223-da1e-4391-9f8d-95130c8d10d6";"Occupant";"Unspecified";"19141944";"";"";"";"";"";"";"";"";"";"Registrant";"";"";"U"
"10248955";"4229616";"10/26/2019";"15:40";"2dd0fbfa-fb5a-4a21-84ff-1770fd1583ea";"Occupant";"Unspecified";"19141083";"81";"Not Ejected";"Does Not Apply";"Does Not Apply";"Driver";"Lap Belt & Harness";"";"";"Does Not Apply";"Driver";"";"";"M"
"10254302";"4231177";"10/26/2019";"20:40";"7a7be400-1955-4833-9fd0-65f317d78942";"Occupant";"Unspecified";"19143690";"64";"";"";"";"";"";"";"";"";"Registrant";"";"";"M"
"10252474";"4229773";"10/26/2019";"16:50";"4bf13d12-8d7a-4cb0-997f-dd6a8b1adca6";"Occupant";"Injured";"19142773";"50";"Not Ejected";"Conscious";"Head";"Front passenger, if two or more persons, including the driver, are in the front seat";"Lap Belt & Harness";"";"";"Complaint of Pain or Nausea";"Passenger";"";"";"F"
"10253763";"4230652";"10/26/2019";"12:45";"73b4dba6-8779-407c-baf8-47045406d7c2";"Occupant";"Unspecified";"19143426";"62";"Not Ejected";"Does Not Apply";"Does Not Apply";"Front passenger, if two or more persons, including the driver, are in the front seat";"Lap Belt & Harness";"";"";"Does Not Apply";"Passenger";"";"";"F"
"10248079";"4229504";"10/26/2019";"0:18";"71a7620e-37f9-4cfe-bbe9-aaf3311a7154";"Occupant";"Unspecified";"19140649";"68";"Not Ejected";"Does Not Apply";"Does Not Apply";"Left rear passenger, or rear passenger on a bicycle, motorcycle, snowmobile";"Lap Belt & Harness";"";"";"Does Not Apply";"Passenger";"";"";"M"
"10252980";"4230907";"10/24/2019";"11:00";"4c95ffa8-72eb-4421-86f6-361cf71e28fb";"Occupant";"Unspecified";"19143024";"53";"Not Ejected";"Does Not Apply";"Does Not Apply";"Middle front seat, or passenger lying across a seat";"Unknown";"";"";"Does Not Apply";"Passenger";"";"";"F"
"10253130";"4230580";"10/25/2019";"15:20";"3a5487a0-3a16-4251-ae37-847e40949a96";"Occupant";"Unspecified";"19143108";"42";"Not Ejected";"Does Not Apply";"Does Not Apply";"Driver";"Lap Belt & Harness";"";"";"Does Not Apply";"Driver";"";"";"M"
