"UNIQUE_ID";"COLLISION_ID";"CRASH_DATE";"CRASH_TIME";"VEHICLE_ID";"STATE_REGISTRATION";"VEHICLE_TYPE";"VEHICLE_MAKE";"VEHICLE_MODEL";"VEHICLE_YEAR";"TRAVEL_DIRECTION";"VEHICLE_OCCUPANTS";"DRIVER_SEX";"DRIVER_LICENSE_STATUS";"DRIVER_LICENSE_JURISDICTION";"PRE_CRASH";"POINT_OF_IMPACT";"VEHICLE_DAMAGE";"VEHICLE_DAMAGE_1";"VEHICLE_DAMAGE_2";"VEHICLE_DAMAGE_3";"PUBLIC_PROPERTY_DAMAGE";"PUBLIC_PROPERTY_DAMAGE_TYPE";"CONTRIBUTING_FACTOR_1";"CONTRIBUTING_FACTOR_2"
"10385780";"100201";"09/07/2012";"9:03";"1";"NY";"PASSENGER VEHICLE";"";"";"";"";"";"";"";"";"";"";"";"";"";"";"";"";"Unspecified";""
"19140702";"4213082";"09/23/2019";"8:15";"0553ab4d-9500-4cba-8d98-f4d7f89d5856";"NY";"Station Wagon/Sport Utility Vehicle";"TOYT -CAR/SUV";"";"2002";"North";"1";"M";"Licensed";"NY";"Going Straight Ahead";"Left Front Bumper";"Left Front Quarter Panel";"";"";"";"N";"";"Driver Inattention/Distraction";"Unspecified"
"14887647";"3307608";"10/02/2015";"17:18";"2";"NY";"TAXI";"";"";"";"";"";"";"";"";"Going Straight Ahead";"";"";"";"";"";"";"";"Driver Inattention/Distraction";""
"14889754";"3308693";"10/04/2015";"20:34";"1";"NY";"PASSENGER VEHICLE";"";"";"";"";"";"";"";"";"Parked";"";"";"";"";"";"";"";"Unspecified";""
"14400270";"297666";"04/25/2013";"21:15";"1";"NY";"PASSENGER VEHICLE";"";"";"";"";"";"";"";"";"";"";"";"";"";"";"";"";"Other Vehicular";""
"17044639";"3434155";"05/02/2016";"17:35";"219456";"NY";"4 dr sedan";"MERZ -CAR/SUV";"";"2015";"East";"2";"M";"Licensed";"FL";"Merging";"Right Front Bumper";"Right Front Bumper";"Right Front Quarter Panel";"";"";"N";"";"Driver Inattention/Distraction";"Unsafe Lane Changing"
"19138701";"4229067";"10/24/2019";"13:15";"c53b43d9-419a-4ab1-9361-3f2979078d89";"NY";"Bus";"FRHT-TRUCK/BUS";"";"2006";"East";"13";"M";"Licensed";"NY";"Parked";"Left Front Quarter Panel";"Left Front Quarter Panel";"";"";"";"N";"";"Unspecified";"Unspecified"
"17303317";"3503027";"08/18/2016";"12:39";"672828";"NY";"Station Wagon/Sport Utility Vehicle";"FORD -CAR/SUV";"";"2005";"Southwest";"2";"F";"Licensed";"NY";"Going Straight Ahead";"Center Front End";"Center Front End";"No Damage";"No Damage";"No Damage";"N";"";"Driver Inattention/Distraction";"Unspecified"
"12254536";"196425";"07/16/2013";"11:20";"1";"NY";"PASSENGER VEHICLE";"";"";"";"";"";"";"";"";"";"";"";"";"";"";"";"";"Unspecified";""
"11804847";"2975897";"11/26/2012";"18:12";"2";"NY";"PASSENGER VEHICLE";"";"";"";"";"";"";"";"";"";"";"";"";"";"";"";"";"Driver Inattention/Distraction";""
"17285715";"3487936";"07/22/2016";"15:40";"554272";"NY";"Convertible";"VOLK -CAR/SUV";"";"2013";"South";"1";"M";"Licensed";"NY";"Stopped in Traffic";"Right Rear Bumper";"Right Rear Bumper";"Center Back End";"Left Rear Bumper";"";"N";"";"Unspecified";"Unspecified"
"14809587";"3268858";"08/01/2015";"8:17";"2";"NJ";"PASSENGER VEHICLE";"";"";"";"";"";"";"";"";"Going Straight Ahead";"";"";"";"";"";"";"";"Passenger Distraction";""
"17307366";"3499697";"08/13/2016";"21:05";"650962";"NY";"Sedan";"NISS -CAR/SUV";"";"2015";"West";"2";"F";"Licensed";"NY";"Going Straight Ahead";"Left Side Doors";"Left Side Doors";"Left Rear Quarter Panel";"";"";"N";"";"Unspecified";"Unspecified"
"19140791";"4229563";"10/21/2019";"17:55";"86a294b4-6672-4a7e-8357-39d6d2eff9f7";"PA";"Sedan";"BMW -CAR/SUV";"";"2006";"North";"2";"F";"Licensed";"PA";"Going Straight Ahead";"Center Front End";"Right Front Bumper";"Right Front Quarter Panel";"Right Front Bumper";"";"N";"";"Unspecified";"Unspecified"
"19694316";"4322767";"06/06/2020";"18:30";"fdc195a7-8127-4c00-834d-bac78b0cf88e";"";"Bike";"";"";"";"South";"1";"M";"Licensed";"NY";"Going Straight Ahead";"Center Front End";"No Damage";"No Damage";"No Damage";"No Damage";"N";"";"Traffic Control Disregarded";"Unspecified"
"11912713";"176016";"08/11/2012";"19:36";"2";"NY";"BICYCLE";"";"";"";"";"";"";"";"";"";"";"";"";"";"";"";"";"Unspecified";""
"17401424";"3516125";"09/08/2016";"14:40";"764668";"NY";"Station Wagon/Sport Utility Vehicle";"LINC -CAR/SUV";"";"2015";"West";"1";"M";"Licensed";"NY";"Stopped in Traffic";"Right Rear Quarter Panel";"Right Rear Quarter Panel";"Right Rear Bumper";"No Damage";"No Damage";"N";"";"Unspecified";"Unspecified"
"9879462";"79561";"04/09/2013";"15:10";"1";"NY";"PASSENGER VEHICLE";"";"";"";"";"";"";"";"";"";"";"";"";"";"";"";"";"Unspecified";""
"16952374";"3412270";"04/01/2016";"15:46";"87497";"NY";"Station Wagon/Sport Utility Vehicle";"TOYT -CAR/SUV";"TOYT 4RN";"2015";"South";"1";"M";"";"";"Passing";"Right Front Quarter Panel";"No Damage";"No Damage";"No Damage";"No Damage";"N";"";"Unsafe Lane Changing";"Traffic Control Disregarded"
"19140656";"4229538";"10/24/2019";"17:30";"70e5262a-bd27-48a6-99a1-1ec659804088";"NY";"Station Wagon/Sport Utility Vehicle";"JEEP -CAR/SUV";"";"2018";"North";"3";"F";"Licensed";"NY";"Going Straight Ahead";"Left Rear Quarter Panel";"Left Rear Quarter Panel";"";"";"";"N";"";"Unspecified";"Unspecified"
"19139721";"4228839";"10/24/2019";"16:00";"5bb0b59a-ce74-4a04-9f92-1446ebfe4f46";"NC";"Sedan";"TOYT -CAR/SUV";"";"1990";"South";"1";"M";"Licensed";"NC";"Going Straight Ahead";"Right Side Doors";"Right Side Doors";"";"";"";"N";"";"Unspecified";"Unspecified"
"8704041";"19615";"07/16/2013";"17:10";"1";"NY";"SPORT UTILITY / STATION WAGON";"";"";"";"";"";"";"";"";"";"";"";"";"";"";"";"";"Unspecified";""
"17222837";"3542089";"10/17/2016";"16:00";"993368";"NY";"Pick-up Truck";"freig";"";"2006";"South";"0";"M";"Licensed";"NY";"Going Straight Ahead";"Center Back End";"Center Back End";"";"";"";"N";"";"Unspecified";"Unspecified"
"9882078";"328209";"05/01/2014";"21:16";"1";"FL";"PASSENGER VEHICLE";"";"";"";"";"";"";"";"";"Backing";"";"";"";"";"";"";"";"Unspecified";""
"14221219";"3108421";"08/04/2014";"1:10";"2";"NY";"PASSENGER VEHICLE";"";"";"";"";"";"";"";"";"Going Straight Ahead";"";"";"";"";"";"";"";"Unspecified";""
"17277100";"3579297";"12/13/2016";"7:55";"1193510";"NY";"Station Wagon/Sport Utility Vehicle";"HYUN -CAR/SUV";"";"2007";"North";"0";"";"";"";"Parked";"Left Front Bumper";"Left Front Bumper";"Center Front End";"Right Front Bumper";"";"N";"";"Unspecified";"Unspecified"
"11758197";"1014563";"08/27/2014";"14:30";"2";"NY";"PASSENGER VEHICLE";"";"";"";"";"";"";"";"";"Going Straight Ahead";"";"";"";"";"";"";"";"Unspecified";""
"14888316";"3307950";"10/02/2015";"20:55";"2";"NY";"PASSENGER VEHICLE";"";"";"";"";"";"";"";"";"Changing Lanes";"";"";"";"";"";"";"";"Unspecified";""
"17169289";"3533118";"08/05/2016";"12:35";"613344";"NJ";"Sedan";"MERZ -CAR/SUV";"";"";"North";"";"";"";"";"Merging";"Left Front Quarter Panel";"";"";"";"";"N";"";"Driver Inattention/Distraction";"Unspecified"
"8889301";"31225";"12/10/2013";"22:08";"1";"NJ";"OTHER";"";"";"";"";"";"";"";"";"";"";"";"";"";"";"";"";"Unspecified";""
"8393362";"1113";"10/26/2012";"16:20";"2";"NY";"BICYCLE";"";"";"";"";"";"";"";"";"";"";"";"";"";"";"";"";"Unspecified";""
"19139288";"4228955";"10/24/2019";"23:40";"8e406c38-a35f-4a06-bd29-fb196b3adec0";"NY";"Station Wagon/Sport Utility Vehicle";"NISS -CAR/SUV";"";"2011";"East";"3";"M";"Permit";"NY";"Going Straight Ahead";"Left Side Doors";"Left Side Doors";"Left Front Quarter Panel";"";"";"N";"";"Unspecified";"Unspecified"
"19141039";"4223842";"10/14/2019";"6:20";"64b7fb10-b91b-4faa-8a30-baa797b1bf2c";"";"";"";"";"";"East";"";"";"";"";"Going Straight Ahead";"";"";"";"";"";"N";"";"Driver Inattention/Distraction";"Unspecified"
"12553012";"1037702";"10/11/2014";"21:20";"1";"NY";"SPORT UTILITY / STATION WAGON";"";"";"";"";"";"";"";"";"Making Right Turn";"";"";"";"";"";"";"";"Driver Inattention/Distraction";""
"14925931";"3326836";"11/02/2015";"11:00";"2";"NY";"PASSENGER VEHICLE";"";"";"";"";"";"";"";"";"Parked";"";"";"";"";"";"";"";"Unspecified";""
"14795557";"3262048";"07/20/2015";"6:30";"1";"NY";"TAXI";"";"";"";"";"";"";"";"";"Parked";"";"";"";"";"";"";"";"Backing Unsafely";""
"8483670";"9285";"02/20/2014";"17:30";"2";"";"OTHER";"";"";"";"";"";"";"";"";"";"";"";"";"";"";"";"";"Unspecified";""
"8404435";"1009244";"08/16/2014";"12:50";"2";"NY";"TAXI";"";"";"";"";"";"";"";"";"Backing";"";"";"";"";"";"";"";"Driver Inattention/Distraction";""
"19138486";"4228644";"10/24/2019";"10:25";"8ada1656-bb64-4bba-91b5-f8872d9de368";"NY";"Sedan";"TOYT -CAR/SUV";"";"2008";"East";"2";"M";"Licensed";"NY";"Going Straight Ahead";"Center Front End";"No Damage";"No Damage";"No Damage";"No Damage";"N";"";"Driver Inattention/Distraction";"Unspecified"
"19139804";"4229205";"10/24/2019";"12:10";"009f5608-f1c8-4747-91be-6b707a1fda3d";"NY";"Station Wagon/Sport Utility Vehicle";"INFI -CAR/SUV";"";"2019";"East";"1";"M";"Licensed";"NY";"Entering Parked Position";"Right Front Bumper";"Right Front Bumper";"Right Front Quarter Panel";"Right Front Quarter Panel";"Right Front Bumper";"N";"";"Backing Unsafely";"Driver Inattention/Distraction"
"10957637";"126113";"09/04/2012";"7:00";"2";"NY";"SPORT UTILITY / STATION WAGON";"";"";"";"";"";"";"";"";"";"";"";"";"";"";"";"";"Lost Consciousness";""
"19140710";"4229517";"10/19/2019";"13:30";"79c04add-66ef-4f3b-a159-120379cfa8ac";"";"Bike";"";"";"";"North";"1";"M";"";"";"Going Straight Ahead";"Center Front End";"Center Front End";"";"";"";"N";"";"Failure to Yield Right-of-Way";"Traffic Control Disregarded"
"9437002";"57863";"09/25/2012";"12:50";"1";"NY";"TAXI";"";"";"";"";"";"";"";"";"";"";"";"";"";"";"";"";"Unspecified";""
"19140446";"4229127";"10/24/2019";"20:30";"c1353cd0-388f-4e93-887d-6743b7599d2b";"NY";"Sedan";"HOND -CAR/SUV";"";"2017";"West";"1";"F";"Licensed";"NY";"Going Straight Ahead";"Center Front End";"Center Front End";"Left Front Bumper";"Right Front Bumper";"";"N";"";"Unspecified";"Unspecified"
"14826434";"3277120";"08/14/2015";"14:20";"1";"NY";"PASSENGER VEHICLE";"";"";"";"";"";"";"";"";"Going Straight Ahead";"";"";"";"";"";"";"";"Unspecified";""
"19140792";"4229563";"10/21/2019";"17:55";"ca744068-6013-47f0-a661-a0fbb579eb47";"NM";"Station Wagon/Sport Utility Vehicle";"HOND -CAR/SUV";"";"2003";"West";"1";"M";"Licensed";"NY";"Going Straight Ahead";"Left Front Bumper";"Center Front End";"Center Front End";"Left Front Bumper";"";"N";"";"Unspecified";"Unspecified"
"14462100";"301826";"11/07/2012";"12:20";"2";"NY";"SPORT UTILITY / STATION WAGON";"";"";"";"";"";"";"";"";"";"";"";"";"";"";"";"";"Unspecified";""
"8569561";"12254";"07/22/2012";"7:10";"1";"VA";"PASSENGER VEHICLE";"";"";"";"";"";"";"";"";"";"";"";"";"";"";"";"";"Unspecified";""
"19139096";"4229018";"10/24/2019";"21:55";"6ce523e1-6a14-4bcb-8e98-b2bdc5a74542";"NY";"Sedan";"HOND -CAR/SUV";"";"2018";"South";"3";"M";"Licensed";"NY";"Going Straight Ahead";"Center Front End";"Left Front Bumper";"Right Front Bumper";"";"";"N";"";"Failure to Yield Right-of-Way";"Traffic Control Disregarded"
